<?xml version="1.0" encoding="UTF-8" standalone="yes"?>
<addon id="repository.luvarofe" name="luvarofe official Repo" version="C" provider-name="KodiMexico">
	<extension point="xbmc.addon.repository" name="luvarofe official Repo">
        <info>https://raw.githubusercontent.com/luvarofe/MyRepo/master/addons.xml</info>
        <checksum>https://raw.githubusercontent.com/luvarofe/MyRepo/master/addons.xml.md5</checksum>
       <datadir zip="true">https://raw.githubusercontent.com/luvarofe/master/MyRepo</datadir>
	</extension>
	<extension point="xbmc.addon.metadata">
		<summary>luvarofe official Repo</summary>
   		<description lang="en">Instala los Addons de Luvarofe.</description>
		<disclaimer></disclaimer>
		<platform>all</platform>
	</extension>
</addon>