
<?xml version="1.0" encoding="UTF-8" standalone="yes"?>
<addon id="repository.kodi.luvarofe" name="kodi.luvarofe.repo" version="1.1.0" provider-name="kodiluvarofe">
	<extension point="xbmc.addon.repository" name="luvarofe official Repo">
		<info compressed="false">https://raw.githubusercontent.com/luvarofe/MyRepo/master/addons.xml</info>
		<checksum>https://raw.githubusercontent.com/luvarofe/MyRepo/master/addons.xml.md5</checksum>
		<datadir zip="true">https://raw.githubusercontent.com/luvarofe/MyRepo/master</datadir>
	</extension>
	<extension point="xbmc.addon.metadata">
		<summary>Kodi-luvarofe official Repo</summary>
   		<description lang="en">Instala los Addons de Kodi luvarofe.</description>
		<disclaimer></disclaimer>
		<platform>all</platform>
	</extension>
</addon>